{"train_loss": [5.404192308603681, 5.285792970431359, 5.217165168804391, 5.158740288160423, 5.111485092108849, 5.070407480990152, 5.027655208280301, 4.992021807449124, 4.9507332514059295, 4.911962643392843, 4.887196513563159, 4.842042275589978, 4.808047902979557, 4.7730106005736435, 4.735918049563729, 4.6927653977091275, 4.662218839636346, 4.618047069109635, 4.574856472467359, 4.539247190104842, 4.488965916143963, 4.442618749567306, 4.403051387340914, 4.3561928877145, 4.310096109459562, 4.248643865329206, 4.197512166985968, 4.138309451641065, 4.077564968241711, 4.016751724020188, 3.96152410823587, 3.891811289342847, 3.8294804229555535, 3.7462548368914996, 3.702138855483671, 3.6177756717796385, 3.5406750612725957, 3.4829012938585326, 3.415910441577905, 3.336346486394439, 3.260977974284505, 3.1891931791441137, 3.1271038890826572, 3.065173510691566, 3.0053586139498165, 2.9290696970471086, 2.872729970455923, 2.802415723484274, 2.726519248911178, 2.674347052867944, 2.6380824354210923, 2.574729026625695, 2.513024691269861, 2.4822145697064872, 2.4298390005813766, 2.3843317670656416, 2.3498044954845314, 2.3136366570730345, 2.271426499850377, 2.198048322611322, 2.164320058280258, 2.1305593561410525, 2.1023523007523957, 2.066349319937105, 2.0184598387888446, 1.9772687467918577, 1.9463693944952123, 1.9629952678183245, 1.8828471219935123, 1.8623342869594388, 1.841357175245481, 1.8271461451411435, 1.8070346633404917, 1.7698930698925097, 1.7455289179679907, 1.7139127920400852, 1.6815966909718927, 1.701566350215231, 1.6550902764379132, 1.6323278074580911], "train_acc": [0.7109004739336493, 1.3981042654028435, 2.0458135860979465, 2.602685624012638, 2.938388625592417, 3.515007898894155, 3.641390205371248, 4.0086887835703005, 4.415481832543444, 4.691943127962086, 5.0829383886255926, 5.398894154818326, 5.667456556082149, 6.161137440758294, 6.421800947867299, 6.8878357030015795, 7.144549763033176, 7.812006319115324, 8.005529225908372, 8.657187993680886, 9.095576619273302, 9.770932069510268, 10.078988941548182, 10.766192733017377, 11.176935229067931, 12.191943127962086, 12.709320695102686, 13.700631911532385, 14.707740916271723, 15.387045813586099, 15.781990521327014, 16.97472353870458, 17.96998420221169, 19.087677725118482, 20.106635071090047, 21.496840442338073, 22.551342812006318, 23.803317535545023, 24.94470774091627, 26.240126382306478, 27.369668246445496, 28.82306477093207, 30.28436018957346, 31.188783570300156, 32.58293838862559, 34.06003159557662, 35.347551342812004, 36.346761453396525, 37.796208530805686, 38.76382306477093, 39.75118483412322, 41.07030015797788, 42.39336492890995, 42.88309636650869, 43.850710900473935, 45.023696682464454, 45.481832543443915, 46.820695102685626, 47.22748815165877, 49.06003159557662, 49.2654028436019, 50.367298578199055, 51.022906793048975, 51.91943127962085, 52.5, 53.27804107424961, 54.41943127962085, 54.19036334913112, 56.022906793048975, 56.17298578199052, 56.62717219589258, 57.03791469194313, 57.326224328593995, 58.35703001579779, 58.81121642969984, 59.52211690363349, 60.21327014218009, 59.88941548183254, 60.888625592417064, 61.55608214849921], "val_loss": [5.2965944231403945, 5.225426604284494, 5.241438148371981, 5.174259891630538, 5.074715439252567, 5.05301971962855, 5.029214864583189, 5.0327327270266755, 5.005621785349191, 4.936339791163825, 4.93057808778109, 4.921363893692716, 4.909287534957813, 4.907373440849461, 4.884405891816198, 4.886878703028482, 4.880763132688935, 4.868067743201957, 4.9136333123579226, 4.834350707820994, 4.822384281068052, 4.9519501442027885, 4.888820938062141, 4.919921647052252, 4.948051430640439, 4.923729266638251, 4.8776205011642, 4.977658722261305, 4.9299987773383025, 5.20837340769233, 5.059267924973185, 5.163341895550913, 5.095206506858693, 5.353945252417011, 5.298936439351448, 5.338141101005518, 5.525891824695171, 5.56489571289617, 5.659683937597049, 5.680095846167108, 5.700363188859599, 5.809348387364151, 5.950693157009227, 6.187914463694062, 6.125715225605415, 6.140504264228905, 6.469797604908876, 6.239474767681924, 6.290996360778808, 6.371077296330842, 6.636494606554414, 6.47846122322866, 6.545732708338877, 6.792703614076732, 6.570441569950532, 6.77635905399895, 6.739450539985163, 6.840252159142758, 6.8881173462287695, 7.09928215066027, 7.202048767385136, 7.071089619520528, 7.213903944639233, 7.4866798801633045, 7.578002255938441, 7.275352868837956, 7.489842142162353, 7.660205944718155, 7.713619691689056, 7.618501816278009, 7.624652743829182, 7.911007340899764, 7.737765944964512, 7.816334694595699, 7.945732677755009, 7.770553135382244, 7.819006705171124, 8.141974703470867, 8.065178201322873, 7.823944326222978], "val_acc": [1.4218009478672986, 1.7851500789889416, 1.990521327014218, 2.5118483412322274, 3.6334913112164298, 3.949447077409163, 4.091627172195893, 4.028436018957346, 4.1864139020537126, 4.992101105845181, 4.913112164296998, 4.976303317535545, 5.165876777251185, 5.797788309636651, 6.17693522906793, 6.145339652448657, 6.287519747235387, 6.84044233807267, 6.524486571879937, 7.061611374407583, 6.6982622432859396, 6.74565560821485, 7.330173775671406, 6.777251184834123, 7.377567140600316, 7.835703001579779, 7.788309636650869, 8.278041074249606, 8.372827804107425, 8.388625592417062, 7.835703001579779, 8.278041074249606, 7.835703001579779, 7.361769352290679, 8.183254344391786, 8.041074249605055, 7.598736176935229, 7.5829383886255926, 7.977883096366509, 8.104265402843602, 8.151658767772512, 8.120063191153239, 8.02527646129542, 7.883096366508688, 8.199052132701421, 7.788309636650869, 7.725118483412322, 8.183254344391786, 7.851500789889416, 8.515007898894154, 8.041074249605055, 8.07266982622433, 7.804107424960505, 8.293838862559241, 7.677725118483412, 8.230647709320696, 8.199052132701421, 7.867298578199052, 8.199052132701421, 8.404423380726698, 7.962085308056872, 7.977883096366509, 8.404423380726698, 8.341232227488153, 7.725118483412322, 8.546603475513429, 8.246445497630331, 7.4565560821484995, 7.851500789889416, 7.488151658767772, 7.993680884676145, 7.835703001579779, 8.056872037914692, 8.388625592417062, 8.467614533965245, 8.02527646129542, 8.167456556082149, 8.357030015797788, 8.214849921011059, 8.593996840442339]}