{"train_loss": [5.423136557146648, 5.296788090891183, 5.263780720877986, 5.235392445448262, 5.219346279819241, 5.207501941457933, 5.193486204493856, 5.175118803563652, 5.159305167687824, 5.148010390253052, 5.131095117565956, 5.1125204199298295, 5.098941049681267, 5.078300759313984, 5.064335154281785, 5.04531263966131, 5.0236844697081455, 5.001230486045705, 4.980937870079872, 4.952975926090379, 4.931826183957888, 4.904935843722327, 4.879208874212811, 4.850386468305784, 4.821777248834547, 4.793182240014581, 4.761597840669219, 4.730589961252318, 4.690623623575267, 4.651101909354211, 4.615833463412702, 4.5686434522812585, 4.534583544467486, 4.48237307143249, 4.439447666758798, 4.3858813355130986, 4.334341384562271, 4.277179803893464, 4.214748525694836, 4.165159261320817, 4.0862194318906955, 4.029006330059226, 3.9547944877949934, 3.865537110248825, 3.7914232534254895, 3.7098718739610526, 3.6126063795827954, 3.5170245196958665, 3.4553368927743198, 3.355615553848363], "train_acc": [0.6477093206951027, 1.2401263823064772, 1.5876777251184835, 1.7614533965244865, 1.9510268562401263, 1.9984202211690363, 2.2985781990521326, 2.4802527646129544, 2.5868878357030014, 2.7685624012638232, 2.9225908372827805, 2.9739336492890995, 2.9067930489731437, 3.147709320695103, 3.4162717219589256, 3.688783570300158, 3.6729857819905214, 4.119273301737756, 4.1982622432859396, 4.447077409162717, 4.601105845181674, 4.9170616113744074, 5.067140600315955, 5.331753554502369, 5.75434439178515, 6.172985781990521, 6.425750394944708, 6.5600315955766195, 7.255134281200632, 7.539494470774091, 7.906793048973144, 8.333333333333334, 8.894154818325434, 9.537914691943127, 9.794628751974724, 10.683254344391786, 11.342812006319114, 11.836492890995261, 12.519747235387046, 13.475513428120063, 14.091627172195892, 15.248815165876778, 15.971563981042655, 17.705371248025276, 18.566350710900473, 19.86176935229068, 21.524486571879937, 22.843601895734597, 23.90995260663507, 25.825434439178515], "val_loss": [5.337498336719675, 5.295983625927243, 5.2706955939860896, 5.2457553972000195, 5.230483762460862, 5.22947573443348, 5.229987175656721, 5.196003990866373, 5.223564728440079, 5.187017876503027, 5.1587970893341595, 5.178846075862505, 5.139286460846333, 5.143384415052513, 5.174085620229278, 5.127103369081566, 5.115549051366147, 5.126425964421759, 5.310738486399959, 5.235356642134005, 5.270625583443785, 5.14889211684795, 5.325659144734508, 5.164141020842638, 5.22253080702506, 5.349596991546535, 5.268478897058568, 5.279619640271999, 5.498201912462617, 5.503180794467293, 5.419371582621835, 5.342005216227888, 5.203699872919357, 5.179714133577512, 5.212562708078779, 5.2326946493573665, 5.448333527201913, 5.388598338725254, 5.390816844771447, 5.5772836064463736, 5.9521062163945055, 5.65021930501736, 5.3706877874160455, 5.55526725323091, 6.542541465036112, 5.569094461890005, 5.586658943170243, 6.445618322110289, 5.731906233541962, 6.0481755673979505], "val_acc": [1.0110584518167456, 1.8009478672985781, 1.4691943127962086, 2.1800947867298577, 2.1484992101105846, 2.116903633491311, 2.322274881516588, 2.543443917851501, 2.322274881516588, 2.543443917851501, 3.1279620853080567, 2.8120063191153237, 3.20695102685624, 2.985781990521327, 3.39652448657188, 3.4439178515007898, 3.5860979462875195, 3.759873617693523, 3.981042654028436, 3.9652448657187995, 4.139020537124803, 4.154818325434439, 4.454976303317536, 3.8230647709320693, 4.834123222748815, 4.865718799368088, 4.723538704581359, 4.928909952606635, 4.976303317535545, 4.944707740916272, 5.102685624012638, 5.402843601895735, 5.860979462875197, 5.781990521327014, 5.6240126382306475, 6.161137440758294, 5.98736176935229, 6.113744075829384, 5.876777251184834, 5.9399684044233805, 6.492890995260663, 6.36650868878357, 6.4454976303317535, 6.3191153238546605, 6.5718799368088465, 6.429699842022117, 6.492890995260663, 6.55608214849921, 6.8246445497630335, 6.41390205371248]}