{"train_loss": [5.383006400519638, 5.2848795943538915, 5.247249777433808, 5.219439471125791, 5.193065792463402, 5.17078408999089, 5.144083862545743, 5.12631132930376, 5.103545477265995, 5.080267416244435, 5.054453319169899, 5.037862114657723, 5.007690379367244, 4.982368830670301, 4.954473732018735, 4.926519996709357, 4.898131170920663, 4.8619773106929065, 4.830472819161076, 4.792281830894627, 4.756146160535526, 4.714565796874711, 4.681391455061251, 4.625378054276839, 4.590441567449584, 4.536136180341338, 4.491943033347951, 4.426787105970097, 4.362783106883744, 4.316642040475662, 4.251757373327704, 4.191719490882909, 4.126006267421054, 4.051988611628094, 3.980021905070421, 3.9132762868257496, 3.8386828833093385, 3.7510215396941367, 3.6718139888739323, 3.597910999912786, 3.503820502023561, 3.4330387345987474, 3.333158114133476, 3.24982871286112, 3.1582148842713655, 3.0526011132516, 2.977326449926054, 2.8852631371544812, 2.8017167582519433, 2.7352040039984535], "train_acc": [0.872827804107425, 1.2677725118483412, 1.7298578199052133, 1.9944707740916272, 2.432859399684044, 2.4881516587677726, 2.792259083728278, 2.9304897314375986, 3.0845181674565563, 3.3175355450236967, 3.5545023696682465, 3.6492890995260665, 3.9968404423380726, 4.285150078988941, 4.581358609794629, 4.830173775671406, 5.308056872037914, 5.521327014218009, 5.687203791469194, 6.08609794628752, 6.804897314375987, 7.022116903633491, 7.195892575039495, 8.092417061611375, 8.333333333333334, 9.087677725118484, 9.47867298578199, 9.996050552922592, 10.84913112164297, 11.342812006319114, 12.40126382306477, 13.203001579778832, 13.902053712480253, 14.972353870458136, 15.995260663507109, 17.081358609794627, 18.28988941548183, 19.786729857819907, 21.311216429699844, 21.923380726698262, 23.791469194312796, 25.398894154818326, 27.018167456556082, 28.412322274881518, 30.181674565560822, 32.342022116903635, 33.73222748815166, 35.60031595576619, 37.203791469194314, 38.854660347551345], "val_loss": [5.3466266104772, 5.264625930786133, 5.228953051454083, 5.213245927289387, 5.197522571226243, 5.184310855232709, 5.17223342530912, 5.154218076793315, 5.145242017592299, 5.130738334746157, 5.1042516935869795, 5.121409786218339, 5.102334513521119, 5.117732938432016, 5.082573918708693, 5.091416255294052, 5.095209525772746, 5.070389318390856, 5.072833375945852, 5.070403836538064, 5.082061760949109, 5.073912216626449, 5.064716114930067, 5.114993861350591, 5.075221890634835, 5.126891827696308, 5.092971542924878, 5.157464598856078, 5.206270935938445, 5.168248485727898, 5.226616098304495, 5.2515622919393, 5.340571981885045, 5.341813351418735, 5.375607434343576, 5.413098435906626, 5.463528702270363, 5.511221149408422, 5.584513997654968, 5.658931634098432, 5.645638430476377, 5.7353938544154355, 5.764678886377416, 5.827048861396633, 5.941045783707316, 6.07114683229588, 6.120850155666164, 6.231488875077234, 6.440775573875102, 6.430944106326472], "val_acc": [1.2796208530805686, 1.5797788309636651, 2.132701421800948, 2.116903633491311, 2.6066350710900474, 2.543443917851501, 2.796208530805687, 2.843601895734597, 3.0489731437598735, 3.1437598736176935, 3.4755134281200633, 3.2859399684044233, 3.522906793048973, 3.759873617693523, 4.01263823064771, 4.154818325434439, 4.028436018957346, 4.549763033175355, 4.628751974723539, 5.039494470774091, 5.102685624012638, 5.229067930489731, 5.308056872037914, 5.450236966824645, 5.639810426540285, 5.308056872037914, 6.46129541864139, 5.924170616113744, 6.22432859399684, 6.1295418641390205, 5.845181674565561, 6.3823064770932065, 6.082148499210111, 5.860979462875197, 6.3823064770932065, 6.287519747235387, 6.113744075829384, 6.74565560821485, 6.240126382306477, 6.161137440758294, 6.60347551342812, 6.398104265402844, 6.145339652448657, 6.41390205371248, 5.876777251184834, 6.41390205371248, 6.55608214849921, 6.41390205371248, 6.3823064770932065, 6.36650868878357]}