{"train_loss": [5.362068625234691, 5.269082002353517, 5.219198117097972, 5.184911104325812, 5.147853338774912, 5.109029539539162, 5.073967819605582, 5.04006017501132, 4.9989931100541005, 4.964386451413846, 4.930257667975403, 4.896538521403573, 4.870040162555037, 4.828741148034166, 4.799330314226437, 4.760592462440238, 4.735808601499922, 4.699227958305563, 4.65979587560958, 4.631084838071706, 4.591602324535496, 4.556358393297, 4.520773167331448, 4.485138671356731, 4.441313255454691, 4.400441272789833, 4.35376639614738, 4.3225825745159225, 4.280070986303296, 4.231000433826899, 4.18804439134884, 4.138406920922687, 4.100515874678867, 4.062050050129822, 3.989279613299016, 3.928198174240088, 3.9091064160845668, 3.8432776514387808, 3.7886013804642134, 3.7123171413867584, 3.6624398350527314, 3.606836111059686, 3.550638418740006, 3.4982089932307625, 3.4213867159628, 3.390768347419269, 3.2992122652406377, 3.248713902613563, 3.1825656282204964, 3.132016252529753, 3.0635562813865818, 3.002326602920725, 2.9591836674706817, 2.8721405341161934, 2.8189440453033687, 2.7570922513332037, 2.712523141592788, 2.6668102475327524, 2.606587530350045, 2.538380477477401, 2.4644319318858745, 2.4002358310030534, 2.3621072335265825, 2.319837257496742, 2.2702365619123075, 2.247571312119422, 2.161855377254516, 2.1275608504929626, 2.0927943210089563, 2.001896550531071, 1.9845095238979393, 1.9508725967075775, 1.8802933307997236, 1.8487546040171885, 1.7879872158240369, 1.746757507813862, 1.7306542728749497, 1.6798052371960681, 1.6632181259504804, 1.603222225589963, 1.5895817680946458, 1.5622838918631676, 1.5212143186521003, 1.478955731874017, 1.4724567376418514, 1.449481361285205, 1.4618774565851895, 1.3975930254229625, 1.3604740544706349, 1.3230374217975007, 1.3207886651417278, 1.2887156487264528, 1.2538066247063226, 1.255467962427727, 1.2288802959342704, 1.1784404738442782, 1.190739213083216, 1.1716056369492227, 1.1420376266913392, 1.1363847669266975], "train_acc": [0.6358609794628752, 1.4178515007898893, 1.9391785150078988, 2.2827804107424963, 2.7330173775671405, 2.9976303317535544, 3.2622432859399684, 3.7835703001579777, 4.10347551342812, 4.510268562401264, 4.668246445497631, 5.2211690363349135, 5.264612954186414, 5.501579778830964, 6.074249605055292, 6.429699842022117, 6.682464454976303, 7.176145339652448, 7.270932069510269, 7.638230647709321, 7.993680884676145, 8.58214849921011, 8.499210110584519, 9.139020537124802, 9.755134281200633, 10.011848341232227, 10.793838862559241, 11.22827804107425, 11.477093206951027, 12.338072669826225, 12.709320695102686, 13.447867298578199, 13.933649289099526, 14.344391785150078, 15.390995260663507, 16.22827804107425, 16.587677725118482, 17.27093206951027, 18.041074249605057, 19.352290679304897, 20.157977883096365, 21.338862559241708, 21.947077409162716, 23.009478672985782, 23.95339652448657, 24.395734597156398, 26.44944707740916, 27.338072669826225, 28.187203791469194, 29.38388625592417, 30.608214849921012, 31.484992101105846, 32.65007898894155, 34.34044233807267, 35.21327014218009, 36.287519747235386, 37.45260663507109, 38.522906793048975, 39.81437598736177, 41.09399684044234, 42.44865718799368, 43.77567140600316, 44.980252764612956, 45.40679304897314, 46.44549763033175, 47.04976303317535, 48.90205371248025, 49.506319115323855, 50.33965244865719, 52.63823064770932, 52.87124802527646, 53.7480252764613, 55.0, 55.687203791469194, 56.91153238546603, 58.37282780410742, 58.47551342812006, 59.320695102685626, 60.154028436018955, 61.2519747235387, 61.70616113744076, 62.266982622432856, 63.179304897314374, 64.04028436018957, 64.21011058451816, 65.33175355450237, 64.39178515007899, 66.23222748815166, 67.31437598736177, 68.10426540284361, 67.96603475513429, 68.76382306477093, 69.45102685624012, 69.23775671406003, 69.95260663507109, 71.40600315955766, 71.27172195892575, 71.5481832543444, 72.12875197472354, 72.33017377567141], "val_loss": [5.30222735201578, 5.253473218734042, 5.221935258506787, 5.419188939978914, 5.156041665853106, 5.130652966130213, 5.140524227509943, 5.0774438850499255, 5.076680017233271, 5.057030266193793, 5.01302627650859, 5.0063984979385445, 5.025970332581097, 5.134080326538327, 5.017219558824295, 5.047297928193922, 5.111845590341336, 5.683412242425373, 4.956150399640461, 4.979287091325998, 4.950775753641957, 4.964874985018424, 4.980231423099271, 4.982727145998022, 5.073800125091938, 5.026740084703876, 5.052452715501589, 5.095902369410317, 5.103905290901944, 5.097413050845901, 5.081988213525564, 5.064536902350837, 5.133144060017373, 5.2054430110383, 5.2502772188111315, 5.2532273071072115, 5.246579929851996, 5.274122546257754, 5.348875595382039, 5.355867247709543, 5.42853301968808, 5.365179126070574, 5.3215931725163035, 5.3696146077642695, 5.544502804290627, 5.723016108080486, 5.542822073383542, 5.818471894407348, 5.7398467395354595, 5.900417874774662, 5.819292649122964, 6.007542525949825, 5.835823886051751, 6.037820052799267, 6.157286082926143, 6.065435683294118, 6.692926594130047, 6.320863917804254, 6.294334213654577, 6.5626175627324255, 6.4563812879589495, 6.376828650162683, 6.567438530582952, 6.495444903441515, 7.05154296157861, 6.734324504526871, 6.597192954565111, 6.609475963526239, 6.772809297401946, 6.925597936771869, 7.0434667171460195, 7.486908030396954, 7.1066897568544505, 7.157262568149898, 7.1786295072727295, 7.2184655581228725, 7.5367882490534726, 7.800717418001726, 7.668595126304204, 7.686739146125637, 7.426794929413999, 7.304941483960144, 7.735372006836661, 8.077345957462256, 7.974145639488859, 7.8100379026331606, 8.30972114174287, 8.140509619720362, 8.387974826155869, 8.436460109909564, 8.222244309098423, 9.206770877024574, 8.401923570437077, 8.319189787287659, 8.441533942019205, 8.059867983331424, 8.702134369824547, 8.21810764294665, 8.366904382268777, 8.709795090372529], "val_acc": [0.9478672985781991, 1.9273301737756714, 1.5323854660347551, 2.7330173775671405, 2.9699842022116902, 3.2701421800947865, 3.5071090047393363, 3.4597156398104265, 4.044233807266982, 4.360189573459715, 4.5655608214849925, 4.834123222748815, 4.502369668246446, 4.913112164296998, 5.387045813586098, 5.339652448657188, 5.671406003159557, 5.545023696682464, 6.287519747235387, 6.2559241706161135, 6.5718799368088465, 6.682464454976303, 6.777251184834123, 6.22432859399684, 6.334913112164297, 6.4454976303317535, 6.84044233807267, 6.60347551342812, 6.540284360189573, 6.872037914691943, 6.60347551342812, 7.851500789889416, 7.03001579778831, 7.630331753554502, 7.409162717219589, 7.251184834123222, 7.393364928909953, 7.693522906793049, 7.409162717219589, 7.930489731437599, 7.7725118483412325, 7.5829383886255926, 7.851500789889416, 7.788309636650869, 7.693522906793049, 7.345971563981043, 7.819905213270142, 6.872037914691943, 7.930489731437599, 8.056872037914692, 7.962085308056872, 7.725118483412322, 8.309636650868878, 7.819905213270142, 7.898894154818326, 7.819905213270142, 7.282780410742496, 7.946287519747235, 8.341232227488153, 8.325434439178515, 8.325434439178515, 7.914691943127962, 8.183254344391786, 7.630331753554502, 7.7725118483412325, 8.388625592417062, 8.436018957345972, 8.167456556082149, 8.436018957345972, 7.7725118483412325, 8.214849921011059, 7.835703001579779, 8.120063191153239, 7.993680884676145, 8.388625592417062, 8.183254344391786, 7.977883096366509, 8.657187993680886, 7.898894154818326, 8.357030015797788, 8.499210110584519, 7.725118483412322, 8.167456556082149, 8.183254344391786, 8.167456556082149, 8.578199052132701, 7.962085308056872, 7.677725118483412, 7.851500789889416, 8.02527646129542, 7.851500789889416, 8.230647709320696, 8.672985781990521, 8.104265402843602, 8.183254344391786, 8.593996840442339, 8.436018957345972, 8.562401263823064, 8.499210110584519, 7.883096366508688]}