{"train_loss": [5.443910332238317, 5.345551493344902, 5.320640575264303, 5.290438093995973, 5.269677386351671, 5.254494550442809, 5.239103271761588, 5.228663792241052, 5.212637105070961, 5.199003251845615, 5.194535404133005, 5.186550059024756, 5.1686965781177205, 5.158867111175923, 5.163137292635949, 5.140551543424103, 5.124214677976394, 5.118305826262463, 5.099204999613348, 5.092882880592045, 5.077329214526955, 5.066260107019313, 5.057266040398234, 5.046606681847836, 5.027435428836334, 5.0179079977821965, 5.002860691046451, 4.998604341630498, 4.984340345614706, 4.964797004139254, 4.946068672885262, 4.9363825763383, 4.920488708279144, 4.9030724680630895, 4.881936746449644, 4.8546453894785415, 4.840961386995481, 4.82064903795625, 4.795135623546196, 4.774402318445238, 4.746266836615347, 4.715849247701925, 4.6860862507451015, 4.66345733895686, 4.627158505920362, 4.5888924482686075, 4.562008334637442, 4.533629154820013, 4.485937180451307, 4.464838899669678, 4.404924000684307, 4.3676020821123895, 4.317003234302828, 4.270357141750872, 4.2194753603159345, 4.166629266060924, 4.129335716964698, 4.055337500007232, 4.010345789531208, 3.9388890411804827, 3.867684461946171, 3.7951575960216553, 3.744184372436379, 3.701495019406504, 3.609190030421879, 3.5271487448452774, 3.4554073172534623, 3.379634778684161, 3.295577422438828, 3.208157438802493, 3.14217921877736, 3.0533187320070434, 2.9599955804351756, 2.8878588775887875, 2.796176631906398, 2.7089336300348217, 2.6682762775752593, 2.572120682925786, 2.4880966594810547, 2.419412680561132, 2.3536112854642703, 2.2726606024761713, 2.2299726951743755, 2.13740252167881, 2.0548705084440644, 2.0164790699643924, 2.000174010760411, 1.8694489282454358, 1.8767502511282104, 1.781097801413393, 1.7215699043319124, 1.7536180680773645, 1.6700624041836032, 1.6038302519875116, 1.5614815275815992, 1.500390217390859, 1.4643978581044346, 1.4233720824240133, 1.3751099267465432, 1.344044640655578], "train_acc": [0.5450236966824644, 0.7622432859399684, 0.9518167456556083, 1.169036334913112, 1.4375987361769351, 1.5244865718799367, 1.65086887835703, 1.8601895734597156, 1.966824644549763, 2.1800947867298577, 2.2314375987361768, 2.176145339652449, 2.40521327014218, 2.6579778830963665, 2.4605055292259084, 2.7290679304897316, 2.9225908372827805, 2.9304897314375986, 3.1279620853080567, 2.9265402843601898, 3.203001579778831, 3.2701421800947865, 3.5979462875197474, 3.7085308056872037, 3.692733017377567, 3.8428120063191153, 3.957345971563981, 4.166666666666667, 4.273301737756714, 4.435229067930489, 4.5655608214849925, 4.759083728278041, 4.76303317535545, 4.9170616113744074, 5.110584518167457, 5.42654028436019, 5.501579778830964, 5.556872037914692, 6.149289099526066, 6.188783570300158, 6.457345971563981, 6.84044233807267, 7.334123222748815, 7.274881516587678, 7.827804107424961, 8.10821484992101, 8.341232227488153, 8.941548183254344, 9.24170616113744, 9.557661927330173, 10.181674565560822, 10.394944707740915, 11.145339652448657, 11.958925750394945, 12.389415481832543, 13.096366508688783, 13.554502369668246, 14.660347551342811, 15.090837282780411, 16.291469194312796, 17.148499210110586, 18.4913112164297, 19.18641390205371, 19.739336492890995, 21.212480252764614, 22.480252764612953, 23.827014218009477, 25.343601895734597, 26.627172195892577, 28.463665086887836, 29.372037914691944, 31.635071090047393, 33.001579778830965, 34.4826224328594, 35.91232227488152, 38.060821484992104, 38.87440758293839, 40.947867298578196, 42.484202211690366, 43.858609794628755, 45.627962085308056, 47.472353870458136, 48.28988941548183, 49.99210110584518, 51.63112164296999, 53.01342812006319, 52.68957345971564, 55.98341232227488, 55.86887835703001, 58.11611374407583, 59.56556082148499, 58.88230647709321, 60.67140600315956, 62.002369668246445, 63.22669826224329, 64.80647709320695, 66.00710900473933, 66.43759873617694, 67.75276461295418, 68.19905213270142], "val_loss": [5.378379361814044, 5.420511820794658, 5.315314475958946, 5.273073250949854, 5.264315936313045, 5.2788788774378865, 5.241116029881, 5.233527720482994, 5.249401074600822, 5.209407484286581, 5.436335007876958, 5.193934254548372, 5.176701032719906, 5.1847321477169865, 5.18004849028625, 5.182918049901206, 5.188077742077916, 5.271482945091163, 5.199815124132057, 5.169651716542658, 5.169057989949111, 5.177623833751227, 5.128965857507305, 5.153475808419323, 5.129750270301132, 5.623134239853653, 5.230919129701587, 5.60119450148813, 5.18716189910262, 5.139669464286093, 5.4291484763460325, 5.2578653451579065, 5.137932289268168, 5.496857546856053, 5.100406496069066, 5.074204281419751, 5.123631466357817, 5.161892435938638, 5.138341040257218, 5.142578668880613, 5.16074813372716, 5.137205607518201, 5.335801727662531, 5.211838554997015, 5.137567534002271, 5.18091905512516, 5.131280118782562, 5.128849072026981, 5.299901491017515, 5.159310966268723, 5.2689890650588005, 5.462082587147211, 5.470208778953854, 5.314414980287236, 5.614480777939349, 5.7534684438841035, 5.41425381264227, 5.431110112700982, 5.843788822228309, 5.523358548271336, 5.57046992662017, 7.2130048384222, 7.018201720432082, 5.820080016047281, 6.459693479010656, 5.908188639395234, 6.465015808213944, 8.662812116511438, 6.626381463989451, 8.484525940278884, 6.695681921038394, 9.268318394876392, 15.971752280947909, 8.801884441918107, 8.467754556405788, 8.564704420592925, 9.898571556326337, 8.041431233103241, 28.216443992000055, 8.819182171452479, 7.597509269654092, 14.953812427731675, 10.698109873399538, 8.275484608473937, 7.731093040876102, 11.077231302607869, 9.35948971436487, 12.60041749707142, 11.997128489947809, 11.04837645942001, 11.316988058677781, 8.124104008817747, 8.056712512909707, 8.9370388049085, 7.792550265958524, 7.93888612614612, 8.393646808823139, 9.072479421154583, 8.656036361284542, 10.474020482164235], "val_acc": [0.6161137440758294, 0.9320695102685624, 1.0584518167456556, 1.4218009478672986, 1.5007898894154819, 1.6903633491311216, 1.7535545023696681, 1.8641390205371249, 1.9431279620853081, 2.2906793048973144, 2.259083728278041, 2.1958925750394944, 2.654028436018957, 2.527646129541864, 2.7172195892575037, 2.8120063191153237, 2.6382306477093205, 2.9225908372827805, 2.859399684044234, 3.1437598736176935, 3.20695102685624, 3.428120063191153, 3.3649289099526065, 3.4913112164297, 3.6334913112164298, 3.665086887835703, 3.30173775671406, 3.6492890995260665, 3.4123222748815167, 4.123222748815166, 4.281200631911532, 3.8230647709320693, 4.1864139020537126, 4.407582938388626, 4.454976303317536, 4.581358609794629, 4.218009478672986, 4.423380726698262, 4.612954186413902, 4.802527646129542, 4.802527646129542, 5.181674565560821, 4.723538704581359, 4.976303317535545, 5.418641390205371, 5.8135860979462874, 5.545023696682464, 5.845181674565561, 5.608214849921011, 6.41390205371248, 5.576619273301738, 6.050552922590837, 6.271721958925751, 6.003159557661927, 6.22432859399684, 5.655608214849921, 6.003159557661927, 6.240126382306477, 6.161137440758294, 6.2559241706161135, 5.876777251184834, 5.8135860979462874, 6.3823064770932065, 6.334913112164297, 6.808846761453396, 6.808846761453396, 6.84044233807267, 6.303317535545023, 6.334913112164297, 6.729857819905213, 6.429699842022117, 7.093206951026856, 6.5086887835703005, 6.524486571879937, 6.587677725118484, 7.235387045813586, 6.74565560821485, 7.014218009478673, 6.003159557661927, 6.682464454976303, 6.65086887835703, 6.903633491311217, 6.60347551342812, 6.5718799368088465, 6.5718799368088465, 6.8878357030015795, 7.109004739336493, 6.966824644549763, 6.36650868878357, 6.682464454976303, 5.7503949447077405, 6.856240126382306, 6.935229067930489, 6.524486571879937, 7.045813586097946, 6.9510268562401265, 6.7614533965244865, 6.65086887835703, 7.03001579778831, 6.682464454976303]}