{"train_loss": [5.454044743699108, 5.325364206112203, 5.294097816774631, 5.26382889664757, 5.245174437789555, 5.231329423594061, 5.216049891135892, 5.199198846681423, 5.1862233195071346, 5.1781311811052415, 5.163337116030532, 5.152316494801598, 5.138906941707665, 5.118383149362477, 5.111487547104581, 5.094109907346126, 5.084869111469383, 5.067705569937708, 5.063053360859176, 5.035469644856867, 5.029638582081968, 5.0106333146539725, 4.995931402390226, 4.990301169867011, 4.960722891037686, 4.943812260469554, 4.924338498047743, 4.896166407779495, 4.882305659916352, 4.85524706606993, 4.834862642001955, 4.811529026513605, 4.781633464758995, 4.766560411980556, 4.732410825786621, 4.696638786020626, 4.671476267563035, 4.639840085208887, 4.604846436830494, 4.5643292561149895, 4.527420404624035, 4.495105225742334, 4.456701872887393, 4.417697573988735, 4.3821081202177075, 4.352584207754753, 4.300851435307266, 4.242128663417099, 4.200344954395746, 4.149460592917733, 4.0916700287829455, 4.029724503768752, 3.9819625498935887, 3.933823532026149, 3.86448293764256, 3.776464224313673, 3.7138405547511146, 3.6583979131297855, 3.5927566048469965, 3.5255688113623886, 3.4137587849374444, 3.3536741870651126, 3.2825488495789057, 3.2142203658677957, 3.1145079856046944, 3.031743525178135, 2.9385501344810354, 2.8757418582789707, 2.793691035582556, 2.7353328301066657, 2.6339343944808693, 2.5785882875252675, 2.490188119987741, 2.4298062440531702, 2.3579692352439556, 2.2602503179185574, 2.2029639779673933, 2.166879562781697, 2.08266930896524, 1.9941348634813258, 1.9491492968976591, 1.8867976541956077, 1.8226317508902408, 1.7869172028455689, 1.8663267853512395, 2.0615664620723395, 1.7344437047015246, 1.6240829842915467, 1.5625516082814896, 1.5289640219855647, 1.4695198814639172, 1.4199325996175949, 1.3749299100601655, 1.3661727741054637, 1.3306500248811068, 1.2928334866654816, 1.2731902389541434, 1.2465879043696615, 1.2299018619938107, 1.1808004896787672], "train_acc": [0.5213270142180095, 1.0110584518167456, 1.3151658767772512, 1.4257503949447077, 1.7693522906793049, 1.820695102685624, 2.057661927330174, 2.176145339652449, 2.3617693522906795, 2.2630331753554502, 2.523696682464455, 2.5355450236966823, 2.6658767772511847, 2.796208530805687, 2.9265402843601898, 3.258293838862559, 3.108214849921011, 3.2898894154818326, 3.4676145339652447, 3.6137440758293837, 3.744075829383886, 4.004739336492891, 4.01263823064771, 4.277251184834123, 4.4510268562401265, 4.53001579778831, 4.782780410742496, 4.8420221169036335, 5.201421800947867, 5.240916271721959, 5.529225908372828, 5.880726698262244, 5.98736176935229, 6.13349131121643, 6.670616113744076, 6.9510268562401265, 7.373617693522907, 7.661927330173776, 7.851500789889416, 8.25829383886256, 8.408372827804108, 9.162717219589258, 9.648499210110584, 9.838072669826225, 10.32780410742496, 10.383096366508688, 11.299368088467615, 11.88783570300158, 12.677725118483412, 13.001579778830964, 14.158767772511847, 14.786729857819905, 15.268562401263823, 15.983412322274882, 17.345971563981042, 18.64139020537125, 19.44312796208531, 20.454186413902054, 21.74170616113744, 22.752764612954188, 24.265402843601894, 25.691153238546605, 27.041864139020536, 28.048973143759873, 29.818325434439178, 31.37440758293839, 33.15560821484992, 34.699842022116904, 35.92022116903634, 37.30252764612954, 39.439178515007896, 40.37914691943128, 42.484202211690366, 43.48341232227488, 45.26856240126382, 47.1129541864139, 48.135860979462876, 49.21011058451817, 51.11374407582938, 53.179304897314374, 53.996840442338076, 55.813586097946285, 57.0260663507109, 57.76066350710901, 56.64296998420221, 51.43364928909953, 58.86650868878357, 61.69431279620853, 63.10031595576619, 63.88230647709321, 65.35150078988941, 66.86808846761454, 67.25118483412322, 67.94233807266983, 68.56240126382306, 69.30489731437599, 70.28436018957346, 70.73854660347551, 71.00710900473933, 72.12875197472354], "val_loss": [5.377611172331076, 5.293927902143337, 5.2697495644314785, 5.254405586791076, 5.249563468312388, 5.239631448989796, 5.248505202740855, 5.222618348300927, 5.193748502746389, 5.207364920304284, 5.214786888261165, 5.198782662155128, 5.2010856779077415, 5.164622184789576, 5.163217865008313, 5.226360501534942, 5.134149154705271, 5.145006484744297, 5.144475072556386, 5.158006605567149, 5.430024880443892, 5.129003352576523, 5.1143485260612405, 5.146378391350239, 5.133329870425882, 5.171660648665346, 5.129853088897175, 5.093472664879774, 5.187332294940195, 5.110134971461966, 5.143429365655257, 5.175788852577149, 5.15948619917859, 5.167651507150128, 5.162586439051334, 5.204719969371295, 5.10157824406315, 5.136710679926578, 5.2171308961901435, 5.214039368501395, 5.187730540897797, 5.261533707804024, 5.268107209047435, 5.186402184665674, 5.244464641649388, 5.245551300350147, 5.271563231059914, 5.415016208666761, 5.335767278324748, 5.396432364495444, 5.380947781513088, 5.448639528295629, 5.572238255903054, 5.626089826315688, 5.592123770299493, 6.192990189592985, 6.050076916319499, 6.134819292457183, 10.427498439589948, 5.832265719945585, 5.863239852549717, 5.872908522920774, 5.84891755464141, 6.156455119676877, 6.594097433948969, 6.36484803987717, 6.347504196498443, 6.572014231779752, 6.587527134218864, 6.523405173152544, 6.549708399539122, 6.607126828656189, 6.762465871566845, 6.851624651693432, 7.082285976560572, 7.176844207558775, 7.359434757564117, 7.282193818627187, 7.358457253291897, 7.596295696186228, 7.62067029811383, 7.504911383558035, 8.302113473057558, 8.14471224186733, 19.31273701187182, 7.793560476438694, 7.772710281450413, 7.685288366284604, 7.966786341493917, 7.907974185612153, 7.918033485051015, 8.027507695805216, 8.077145878850565, 8.198674380044801, 8.231371575094888, 8.227164012372588, 8.21714149417847, 8.286276687453332, 8.492987197646974, 8.38111705840293], "val_acc": [0.8214849921011058, 1.0268562401263823, 1.6903633491311216, 1.5639810426540284, 1.8641390205371249, 1.8325434439178514, 2.132701421800948, 2.1800947867298577, 2.6856240126382307, 2.6066350710900474, 2.353870458135861, 2.7330173775671405, 2.3854660347551344, 3.0173775671406005, 2.985781990521327, 2.9699842022116902, 3.3333333333333335, 3.4439178515007898, 3.2859399684044233, 3.4913112164297, 3.2543443917851502, 3.7756714060031595, 3.854660347551343, 3.744075829383886, 3.9968404423380726, 4.075829383886256, 3.617693522906793, 4.01263823064771, 4.407582938388626, 4.218009478672986, 4.454976303317536, 4.502369668246446, 4.075829383886256, 4.755134281200632, 4.944707740916272, 4.770932069510269, 5.387045813586098, 5.134281200631912, 4.913112164296998, 5.276461295418641, 5.213270142180095, 5.323854660347552, 5.4344391785150075, 5.592417061611374, 5.718799368088468, 5.908372827804107, 5.797788309636651, 6.287519747235387, 6.22432859399684, 5.734597156398104, 5.98736176935229, 6.540284360189573, 6.161137440758294, 6.303317535545023, 6.492890995260663, 5.845181674565561, 6.1295418641390205, 6.492890995260663, 6.287519747235387, 6.192733017377567, 6.540284360189573, 6.4454976303317535, 6.65086887835703, 6.46129541864139, 5.860979462875197, 5.9399684044233805, 6.7614533965244865, 6.334913112164297, 6.7614533965244865, 6.60347551342812, 6.5086887835703005, 6.41390205371248, 6.208530805687204, 6.8246445497630335, 6.729857819905213, 6.36650868878357, 6.79304897314376, 6.6982622432859396, 7.109004739336493, 6.872037914691943, 6.429699842022117, 6.7614533965244865, 6.682464454976303, 6.65086887835703, 4.360189573459715, 6.935229067930489, 6.935229067930489, 7.045813586097946, 6.903633491311217, 7.0774091627172195, 6.872037914691943, 6.903633491311217, 7.187993680884676, 7.661927330173776, 6.9510268562401265, 6.9826224328594, 6.8246445497630335, 6.856240126382306, 7.045813586097946, 6.55608214849921]}