{"train_loss": [5.375418070933265, 5.29510221541587, 5.258003801493471, 5.227449127245476, 5.197987587794685, 5.173556215427875, 5.147760412628993, 5.120592181641156, 5.090800161045309, 5.062848357642054, 5.0356178714577435, 5.008399557803668, 4.984639137653755, 4.9473435707755185, 4.927166356181647, 4.897489572588301, 4.866946610003286, 4.832176781905959, 4.798918550651032, 4.766009648339631, 4.73899898182536, 4.701984773879933, 4.664322871167513, 4.623608265555865, 4.5863351243367125, 4.547016518639539, 4.509230279696496, 4.471904122471621, 4.435704741093785, 4.386080835592502, 4.339464920580293, 4.298492267271166, 4.248990583645789, 4.201730154739549, 4.152055700431691, 4.105867003942553, 4.050583300055674, 3.9970259291300843, 3.94081882594321, 3.945797862373822, 3.851331377858046, 3.7742838357862136, 3.7175911041609297, 3.6335635616881024, 3.580741855054858, 3.525528011804132, 3.4630953278775087, 3.38939254152078, 3.335941202832624, 3.2532773139164157, 3.7829442234400887, 3.3462743916594397, 3.1754570216740854, 3.0584998719123493, 2.981490486154059, 2.915806447913485, 2.8366972899173297, 2.8070424854284592, 2.704778585162773, 2.661956151477157, 2.6165776037303567, 2.5354763182418605, 2.6481322299059347, 2.5418079178103525, 2.3883389579929637, 2.51125000438419, 2.4773621099631744, 2.283522313616664, 2.1946462949117023, 2.14712848136022, 2.1133205710617475, 2.0514222213630617, 1.9917786415907632, 1.975921501141589, 1.9302887585114152, 1.9227084025010868, 1.8792130773101372, 1.8251157319941227, 1.7806699869192042, 1.696903749627148], "train_acc": [0.556872037914692, 1.1453396524486572, 1.4889415481832544, 1.773301737756714, 2.1682464454976302, 2.4170616113744074, 2.7251184834123223, 3.013428120063191, 3.1872037914691944, 3.5347551342812005, 3.688783570300158, 4.127172195892575, 4.360189573459715, 4.684044233807267, 4.901263823064771, 5.055292259083728, 5.418641390205371, 5.734597156398104, 6.074249605055292, 6.548183254344392, 6.488941548183254, 7.116903633491312, 7.448657187993681, 7.6579778830963665, 8.210900473933648, 8.740126382306476, 9.186413902053712, 9.352290679304897, 10.09478672985782, 10.600315955766193, 10.932069510268562, 11.808846761453397, 12.298578199052132, 12.64218009478673, 13.357030015797788, 13.902053712480253, 14.782780410742497, 15.477883096366508, 16.429699842022117, 16.398104265402843, 18.009478672985782, 18.906003159557663, 19.790679304897314, 21.034755134281202, 21.793048973143758, 22.879146919431278, 23.82306477093207, 25.063191153238545, 26.137440758293838, 27.5434439178515, 19.28120063191153, 26.04265402843602, 28.90995260663507, 31.362559241706162, 32.855450236966824, 34.27330173775671, 35.45418641390205, 36.57187993680885, 38.21879936808847, 39.02843601895734, 39.774881516587676, 41.544233807266984, 39.0955766192733, 41.31121642969984, 44.79067930489732, 42.06161137440758, 42.401263823064774, 46.947077409162716, 48.96919431279621, 49.75513428120063, 50.78593996840442, 51.95497630331754, 53.2345971563981, 53.40047393364929, 54.695892575039494, 54.47077409162717, 55.73854660347551, 56.943127962085306, 58.183254344391784, 59.72748815165877], "val_loss": [5.580991336858668, 5.2869258243325765, 5.283441006176845, 5.2161844850151455, 5.214104472366743, 5.168745696714139, 5.150086441763205, 5.148973064964982, 5.1180735047206305, 5.103231184780127, 5.098288331777564, 5.092798732769621, 5.086989374748338, 5.064333779815626, 5.04097970206214, 5.0302495023838905, 5.078281287484071, 4.995627600321837, 5.046443149602808, 5.103812561667926, 5.01825080377419, 5.030054527813036, 5.087090405016713, 5.067291856979684, 5.027671420442362, 5.050731967034121, 5.046860941816092, 5.098519714259047, 5.04924063991408, 5.089910301250681, 5.0468620270161075, 5.02311338813384, 5.101833826821374, 5.124204755093061, 5.1509680109189775, 5.316364954546165, 5.290028321083876, 5.240566182550849, 5.336491063948115, 5.418420182660481, 5.223915180399143, 5.33991473380235, 5.370628344127541, 5.442825696441988, 5.497747196480749, 5.519439455758527, 5.52400719791792, 5.603729942586938, 5.729822729210153, 5.928209922513314, 5.555716123927449, 5.696876912621714, 5.821104494881291, 5.82255685529061, 6.017641652364866, 6.088481514977429, 6.033214832293855, 6.098863618859747, 6.158372350966949, 6.282636553566979, 6.195960836425589, 6.33363861412422, 6.379141996935081, 6.480260484553814, 6.583748758385344, 6.477952811616292, 6.6654330898423515, 6.826725637667929, 6.926601476804905, 6.79525271878235, 6.911496020493349, 6.932298204081507, 7.0939380513171635, 7.325423171056955, 7.152407280679374, 7.201121886345259, 7.111643325661031, 7.535977461364409, 7.209256644949529, 7.454826317014287], "val_acc": [0.8846761453396524, 1.1532385466034756, 1.3744075829383886, 2.211690363349131, 2.4960505529225907, 2.575039494470774, 2.8120063191153237, 3.0489731437598735, 2.985781990521327, 3.4439178515007898, 3.8230647709320693, 4.044233807266982, 3.9968404423380726, 4.360189573459715, 4.470774091627172, 4.707740916271722, 4.407582938388626, 5.260663507109005, 4.723538704581359, 4.281200631911532, 5.560821484992101, 5.276461295418641, 5.529225908372828, 5.276461295418641, 5.908372827804107, 5.703001579778831, 6.17693522906793, 6.240126382306477, 6.22432859399684, 6.0663507109004735, 6.9510268562401265, 7.172195892575039, 7.172195892575039, 6.334913112164297, 6.9510268562401265, 6.46129541864139, 6.682464454976303, 7.235387045813586, 7.282780410742496, 6.808846761453396, 7.567140600315955, 7.424960505529226, 7.330173775671406, 6.9826224328594, 7.345971563981043, 7.677725118483412, 7.646129541864139, 7.2669826224328595, 7.203791469194313, 7.061611374407583, 7.314375987361769, 7.567140600315955, 7.361769352290679, 8.230647709320696, 7.914691943127962, 7.709320695102686, 7.503949447077409, 7.946287519747235, 7.898894154818326, 7.788309636650869, 8.341232227488153, 8.151658767772512, 7.614533965244866, 8.041074249605055, 7.835703001579779, 6.856240126382306, 7.677725118483412, 8.135860979462874, 7.203791469194313, 8.120063191153239, 7.804107424960505, 7.488151658767772, 7.930489731437599, 7.693522906793049, 7.756714060031595, 7.804107424960505, 7.756714060031595, 7.630331753554502, 7.993680884676145, 8.02527646129542]}