{"train_loss": [5.3886098171674055, 5.364771841449948, 5.353015226361123, 5.353574295405528, 5.351759065685302, 5.3536145351885995, 5.352060688464751, 5.351457575938148, 5.351763650553675, 5.351601155598958, 5.352963181656872, 5.351355273049402, 5.352110117871614, 5.351027184075089, 5.349586641091682, 5.349803280642059, 5.347609136228877, 5.348892672329341, 5.348556299947826, 5.346388414120787, 5.345505343944917, 5.346339995940149, 5.344279814745766, 5.344350467699964, 5.347357334872181, 5.348309129410634, 5.34546869467785, 5.34405364824509, 5.342862060962695, 5.34000696118974, 5.3408859685322305, 5.341437878691567, 5.341437177673147, 5.342613202738348, 5.344195802366188, 5.340395174734589, 5.339703630233451, 5.340197734471181, 5.334006703785057, 5.341748189700159, 5.341058722491513, 5.335693287811761, 5.334171309930642, 5.330104539970651, 5.338543292131469, 5.342269766839195, 5.337421790419785, 5.334888585559188, 5.332297411010163, 5.333382729595118, 5.330812210305984, 5.340932055408544, 5.356181210251216, 5.352732227048226, 5.348797784145409, 5.346542855423962, 5.342584508440883, 5.346092708039246, 5.353886404082673, 5.353384669697115, 5.345117713301479, 5.34095713854966, 5.346161807393199, 5.350882220305914, 5.349996480595256, 5.348687166512295, 5.35350425849782, 5.352727543799233, 5.353057288068919, 5.352040129626908, 5.350786086318994, 5.35284947821691, 5.351869989458419, 5.351299143063514, 5.352127468567136, 5.352518911798607, 5.3523056078484466, 5.350250669301592, 5.345712305885544, 5.3492639808293205, 5.346319763430675, 5.339138976544565, 5.334371790953722, 5.332746923967937, 5.345573824841829, 5.334603846280308, 5.3304053885111875, 5.324047152803972, 5.324959480894309, 5.321503134662694, 5.323242876917642, 5.319093429420796, 5.317623358239872, 5.318097216107457, 5.3200320777169905, 5.316214584362639, 5.3194548430601, 5.3177193182151274, 5.315741201072319, 5.31802005843152], "train_acc": [0.4541864139020537, 0.4265402843601896, 0.4067930489731438, 0.48183254344391785, 0.4976303317535545, 0.5173775671406003, 0.509478672985782, 0.48578199052132703, 0.5410742496050553, 0.5015797788309637, 0.5055292259083728, 0.5766192733017378, 0.5924170616113744, 0.5450236966824644, 0.5924170616113744, 0.580568720379147, 0.6003159557661928, 0.6042654028436019, 0.6121642969984202, 0.6042654028436019, 0.5647709320695102, 0.6240126382306477, 0.580568720379147, 0.6674565560821485, 0.533175355450237, 0.5292259083728278, 0.6279620853080569, 0.6437598736176935, 0.6832543443917851, 0.6279620853080569, 0.7227488151658767, 0.6793048973143759, 0.6635071090047393, 0.6951026856240127, 0.6358609794628752, 0.6516587677725119, 0.7622432859399684, 0.6121642969984202, 0.7187993680884676, 0.631911532385466, 0.7345971563981043, 0.7306477093206951, 0.7701421800947867, 0.6990521327014217, 0.6200631911532386, 0.6793048973143759, 0.7424960505529226, 0.7030015797788309, 0.7227488151658767, 0.7740916271721959, 0.7503949447077409, 0.7740916271721959, 0.4344391785150079, 0.5450236966824644, 0.5529225908372828, 0.5726698262243286, 0.6240126382306477, 0.6674565560821485, 0.5766192733017378, 0.4660347551342812, 0.556872037914692, 0.655608214849921, 0.6279620853080569, 0.5213270142180095, 0.5173775671406003, 0.5173775671406003, 0.509478672985782, 0.5173775671406003, 0.5252764612954186, 0.48973143759873616, 0.556872037914692, 0.48973143759873616, 0.5134281200631912, 0.5213270142180095, 0.48578199052132703, 0.4541864139020537, 0.46208530805687204, 0.5726698262243286, 0.5647709320695102, 0.5213270142180095, 0.6516587677725119, 0.7859399684044234, 0.7582938388625592, 0.7069510268562401, 0.631911532385466, 0.6279620853080569, 0.6674565560821485, 0.7069510268562401, 0.6951026856240127, 0.7109004739336493, 0.8135860979462876, 0.8530805687203792, 0.7938388625592417, 0.8293838862559242, 0.778041074249605, 0.8333333333333334, 0.8530805687203792, 0.8649289099526066, 0.7859399684044234, 0.84913112164297], "val_loss": [5.386024689184734, 5.360127174534127, 5.369235282825633, 5.391363489533676, 5.3674082394459806, 5.4403482155400615, 5.367215639418712, 5.3759485925731685, 5.364327889181803, 5.358790933991684, 5.36213758055821, 5.36167331668438, 5.363994641175956, 5.382477628337264, 5.361714540122998, 5.365513282100925, 5.364018694107755, 5.395003190575429, 5.358214970297912, 5.359864032889995, 5.358242257436117, 5.354413945226685, 5.353142650658485, 5.3533640454730715, 5.352787141814993, 5.502523662091055, 5.348733614820628, 5.349589632736375, 5.346974453617235, 5.346170383079734, 5.396375400760163, 5.390816299986877, 5.347860548884195, 5.362641101162204, 5.35154719390387, 5.349735948222132, 5.350550758217183, 5.357449906998524, 5.350685723773299, 5.350499608731383, 5.344739926294505, 5.3436017512521845, 5.355364289065296, 5.340655638557663, 5.35561266382347, 5.342786666906275, 5.34993455443902, 5.337124942339615, 5.337729727487429, 5.387355445421891, 5.339288058288478, 5.363438103963602, 5.364914144874561, 5.3584691731662355, 5.357887454582805, 5.349815431778653, 5.339375529357042, 5.355131906054408, 5.360537242136107, 5.356999070346826, 5.342757735320177, 5.341755962823805, 5.358694003317593, 5.358736184498333, 5.354722871222956, 5.3585531053949875, 5.363810104593093, 5.359976809322363, 5.359861354616958, 5.35727872230807, 5.361821049122261, 5.359156574833826, 5.3593678810396845, 5.359117108084391, 5.360273219134194, 5.359455268492254, 5.360250856450761, 5.354559917962193, 5.363799033684753, 5.357492109874225, 5.3508490752269875, 5.348385618610593, 5.350023402233636, 5.349453324201924, 5.351658803629461, 5.338577299585086, 5.345775780218284, 5.328102172833483, 5.354913358552761, 5.327737902540354, 5.3272037370510015, 5.326049102765124, 5.32696217556512, 5.328570049219598, 5.324419015128089, 5.3766719979320845, 5.326892125700699, 5.342322748042585, 5.3265053458311735, 5.347647557401732], "val_acc": [0.2685624012638231, 0.2685624012638231, 0.23696682464454977, 0.2843601895734597, 0.2527646129541864, 0.315955766192733, 0.2527646129541864, 0.23696682464454977, 0.2527646129541864, 0.2843601895734597, 0.23696682464454977, 0.315955766192733, 0.23696682464454977, 0.2685624012638231, 0.315955766192733, 0.23696682464454977, 0.2685624012638231, 0.2527646129541864, 0.36334913112164297, 0.34755134281200634, 0.36334913112164297, 0.45813586097946285, 0.33175355450236965, 0.6477093206951027, 0.33175355450236965, 0.48973143759873616, 0.631911532385466, 0.5371248025276462, 0.6477093206951027, 0.7266982622432859, 0.7424960505529226, 0.4423380726698262, 0.7266982622432859, 0.584518167456556, 0.36334913112164297, 0.584518167456556, 0.36334913112164297, 0.6161137440758294, 0.45813586097946285, 0.34755134281200634, 0.6635071090047393, 0.7109004739336493, 0.5371248025276462, 0.6003159557661928, 0.3001579778830964, 0.6161137440758294, 0.47393364928909953, 0.6793048973143759, 0.7424960505529226, 0.7424960505529226, 0.584518167456556, 0.2527646129541864, 0.4107424960505529, 0.3001579778830964, 0.4423380726698262, 0.48973143759873616, 0.631911532385466, 0.45813586097946285, 0.2843601895734597, 0.2843601895734597, 0.5687203791469194, 0.4423380726698262, 0.2527646129541864, 0.34755134281200634, 0.4265402843601896, 0.5371248025276462, 0.3001579778830964, 0.3791469194312796, 0.2527646129541864, 0.3001579778830964, 0.1579778830963665, 0.315955766192733, 0.3001579778830964, 0.2685624012638231, 0.3001579778830964, 0.3001579778830964, 0.23696682464454977, 0.36334913112164297, 0.48973143759873616, 0.2843601895734597, 0.6635071090047393, 0.584518167456556, 0.5371248025276462, 0.47393364928909953, 0.48973143759873616, 0.4423380726698262, 0.45813586097946285, 0.6635071090047393, 0.47393364928909953, 0.6793048973143759, 0.7424960505529226, 0.6793048973143759, 0.7266982622432859, 0.7109004739336493, 0.6477093206951027, 0.8372827804107424, 0.7582938388625592, 0.7266982622432859, 0.6793048973143759, 0.6951026856240127]}